Państwo;Miasto
USA;New York
USA;Los Angeles
USA;Chicago
Kanada;Toronto
Kanada;Vancouver
Kanada;Montreal
Wielka Brytania;Londyn
Wielka Brytania;Manchester
Niemcy;Berlin
Niemcy;Monachium
Niemcy;Frankfurt
Francja;Paryż
Francja;Lyon
Australia;Sydney
Australia;Melbourne
Australia;Brisbane
Japonia;Tokio
Japonia;Osaka
Japonia;Nagoya
Brazylia;Sao Paulo
Brazylia;Rio de Janeiro
Brazylia;Brasilia
Indie;Mumbai
Indie;Delhi
Indie;Bangalore
Republika Południowej Afryki;Johannesburg
Republika Południowej Afryki;Cape Town
Republika Południowej Afryki;Durban
