Miasto;Temperatura;Opad
Los Angeles;38,3;2,3
Chicago;1;24,6
Toronto;0,2;144,7
Montreal;40;33,5
Londyn;23,1;105,1
Manchester;31,6;75,3
Birmingham;12,9;198
Berlin;8,5;46,1
Monachium;7,2;96,7
Frankfurt;9,4;170,5
Paryż;14,1;142,7
Marsylia;18,3;98,2
Lyon;13,7;81,2
Sydney;25,6;162,9
Brisbane;27,1;107,8
Tokio;16,2;59,1
Osaka;18,5;128,4
Nagoya;17,3;69,7
Sao Paulo;28,4;143,6
Rio de Janeiro;30,1;7,7
Brasilia;26,7;5,3
Mumbai;29;128
Bangalore;25,3;142,5
Johannesburg;10,4;151,5
Durban;-0,2;182,7
